similarity_type,dif.int1_int2,p.i,dif.slo1_slo2,p.s
Sorensen,0.04391844038832904,0.0099,-0.03934745020466368,0.7058
Simpson (turnover),0.061886842198706105,0.0014,-0.06047798535322457,0.6141
Richness difference (nestedness),-0.017968401810376733,0.0952,0.02113053514856124,0.7088
Bray-Curtis,0.03612029860639915,0.0487,0.10147236438247031,0.3471
